{
  "golden_version": "2.1.0-expost-holdout",
  "modelo": "gemini-2.5-flash",
  "prompt_version": "52a1c94be16e",
  "timestamp": "2026-07-10T00:04:07.329523Z",
  "metricas": {
    "precision_l1_l2": 0.7918983320095314,
    "cobertura_l1_l2": 0.6679045092838196,
    "exactos_l1_l2": 997.0,
    "asignados_l1_l2": 1259.0,
    "total": 1885.0,
    "precision_cascada": 0.7862932940309506,
    "cobertura_cascada": 0.7198938992042441,
    "exactos_cascada": 1067.0,
    "asignados_cascada": 1357.0,
    "total_cascada": 1885.0,
    "precision_l3": 0.7142857142857143,
    "cobertura_l3_residual": 0.15654952076677317,
    "exactos_l3": 70.0,
    "asignados_l3": 98.0,
    "residual_l1_l2": 626.0,
    "total_l3": 1885.0,
    "casos_estrato": 1885.0,
    "casos_evaluados": 1885.0
  },
  "por_caso": []
}