{
  "golden_version": "2.1.0-expost-holdout",
  "modelo": "gemini-2.5-flash",
  "prompt_version": "52a1c94be16e",
  "timestamp": "2026-07-10T00:26:52.139120Z",
  "metricas": {
    "precision_l1_l2": 0.7918983320095314,
    "cobertura_l1_l2": 0.6679045092838196,
    "exactos_l1_l2": 997.0,
    "asignados_l1_l2": 1259.0,
    "total": 1885.0,
    "precision_cascada": 0.7955246913580247,
    "cobertura_cascada": 0.6875331564986737,
    "exactos_cascada": 1031.0,
    "asignados_cascada": 1296.0,
    "total_cascada": 1885.0,
    "precision_l3": 0.8484848484848485,
    "cobertura_l3_residual": 0.15814696485623003,
    "exactos_l3": 84.0,
    "asignados_l3": 99.0,
    "residual_l1_l2": 626.0,
    "total_l3": 1885.0,
    "precision_l3_puro": 0.8484848484848485,
    "cobertura_l3_puro": 0.99,
    "exactos_l3_puro": 84.0,
    "asignados_l3_puro": 99.0,
    "ejecutados_l3_puro": 100.0,
    "total_l3_puro": 100.0,
    "casos_estrato": 1885.0,
    "casos_evaluados": 1885.0
  },
  "por_caso": []
}