{
  "golden_version": "2.1.0-expost-holdout",
  "modelo": "gemini-2.5-flash",
  "prompt_version": "4fb475e0a061",
  "timestamp": "2026-07-15T18:59:45.481732Z",
  "metricas": {
    "precision_l1_l2": 0.7918983320095314,
    "cobertura_l1_l2": 0.6679045092838196,
    "exactos_l1_l2": 997.0,
    "asignados_l1_l2": 1259.0,
    "total": 1885.0,
    "precision_cascada": 0.7932359723289777,
    "cobertura_cascada": 0.6901856763925729,
    "exactos_cascada": 1032.0,
    "asignados_cascada": 1301.0,
    "total_cascada": 1885.0,
    "precision_l3": 0.8333333333333334,
    "cobertura_l3_residual": 0.0670926517571885,
    "exactos_l3": 35.0,
    "asignados_l3": 42.0,
    "residual_l1_l2": 626.0,
    "total_l3": 1885.0,
    "casos_estrato": 1885.0,
    "casos_evaluados": 1885.0
  },
  "por_caso": []
}