{
  "golden_version": "2.1.0-expost-holdout",
  "modelo": "gemini-2.5-flash",
  "prompt_version": "52a1c94be16e",
  "timestamp": "2026-07-10T00:07:03.770637Z",
  "metricas": {
    "precision_l1_l2": 0.7918983320095314,
    "cobertura_l1_l2": 0.6679045092838196,
    "exactos_l1_l2": 997.0,
    "asignados_l1_l2": 1259.0,
    "total": 1885.0,
    "precision_cascada": 0.7858687815428983,
    "cobertura_cascada": 0.7358090185676393,
    "exactos_cascada": 1090.0,
    "asignados_cascada": 1387.0,
    "total_cascada": 1885.0,
    "precision_l3": 0.7265625,
    "cobertura_l3_residual": 0.20447284345047922,
    "exactos_l3": 93.0,
    "asignados_l3": 128.0,
    "residual_l1_l2": 626.0,
    "total_l3": 1885.0,
    "casos_estrato": 1885.0,
    "casos_evaluados": 1885.0
  },
  "por_caso": []
}