{
  "golden_version": "2.1.0-expost-holdout",
  "modelo": "gemini-3.1-flash-lite",
  "prompt_version": "4fb475e0a061",
  "timestamp": "2026-07-15T22:30:01.294564Z",
  "metricas": {
    "precision_l1_l2": 0.7918983320095314,
    "cobertura_l1_l2": 0.6679045092838196,
    "exactos_l1_l2": 997.0,
    "asignados_l1_l2": 1259.0,
    "total": 1885.0,
    "precision_cascada": 0.7967542503863988,
    "cobertura_cascada": 0.686472148541114,
    "exactos_cascada": 1031.0,
    "asignados_cascada": 1294.0,
    "total_cascada": 1885.0,
    "precision_l3": 0.8571428571428571,
    "cobertura_l3_residual": 0.15654952076677317,
    "exactos_l3": 84.0,
    "asignados_l3": 98.0,
    "residual_l1_l2": 626.0,
    "total_l3": 1885.0,
    "precision_l3_puro": 0.8571428571428571,
    "cobertura_l3_puro": 0.98,
    "exactos_l3_puro": 84.0,
    "asignados_l3_puro": 98.0,
    "ejecutados_l3_puro": 100.0,
    "total_l3_puro": 100.0,
    "multi_hit_l3_puro": 0.85,
    "exactos_multi_hit_l3_puro": 85.0,
    "casos_estrato": 1885.0,
    "casos_evaluados": 1885.0
  },
  "por_caso": []
}